Brands,Collections,New Arrivals,Top Sellers,Styling Tools,Shampoo,Conditioner,Styling Products,Specials
AG Hair, Color Support,,,Brushes,Coarse Hair,Coarse Hair,Hair Sprays,Deal of the Day
Agadir,Volume,,,Combs,Color-Treated Hair,Color-Treated Hair,Detangler Spray,Buy one Get one 30% off
Ahava,Smoothing,,,Clips,Curly Hair,Curly Hair,Powder Spray,Free Samples
Aquage,Curly,,,Blow Dryers,Damaged Hair,Damaged Hair,Detangler Spray,
Aquis,Dry or Damaged,,,Curling Irons,Fine Hair,Fine Hair,Hair Creams,
Alfaparf,Clarifying,,,Flat Irons,Normal Hair,Normal Hair,Hair Gels,
Alterna Hair Care,Reparative,,,Curling Wands,Oily Hair,Oily Hair,Hair Mousse,
Andis,,,,Diffuser,Coarse Hair,Coarse Hair,Hair Paste,
American Crew,,,,,Frizzy Hair,Frizzy Hair,Hair Pomade,
Andrea,,,,,Volumizing Hair,Volumizing Hair,Hair Wax,
Archipelago,,,,,Thinning Hair,Thinning Hair,Hair Oils,
Ardell,,,,,Dry Hair,Dry Hair,Hair Primers,
Babyliss,,,,,Dry Scalp,Dry Scalp,,
Barex Italiana,,,,,Hair Loss,Hair Loss,,
Beautee Sense,,,,,Sensitive Scalp,Sensitive Scalp,,
Beauty Blender,,,,,,,,
Billy Jealousy,,,,,,,,
Bioken,,,,,,,,
Biolage,,,,,,,,
Blinc,,,,,,,,
Bliss,,,,,,,,
Bonacure,,,,,,,,
Brazilian Blowout,,,,,,,,
Brenda Christian Cosmetics,,,,,,,,
Brush Off,,,,,,,,
Cacharel,,,,,,,,
Calvin Klein,,,,,,,,
Cefine,,,,,,,,
Carolina Herrera,,,,,,,,
Chihtsai,,,,,,,,
Chihtsai Olive,,,,,,,,
Clarisonic,,,,,,,,
Color Wow,,,,,,,,
ColorMe,,,,,,,,
Crack,,,,,,,,
Denman,,,,,,,,
Dermalogica,,,,,,,,
Dermorganic,,,,,,,,
DevaCurl,,,,,,,,
Developlus,,,,,,,,
Difi,,,,,,,,
Divaderme,,,,,,,,
Doll Face,,,,,,,,
DS Labs,,,,,,,,
Egyptian Magic,,,,,,,,
ELC Dao Of Hair,,,,,,,,
Elegant,,,,,,,,
Enjoy,,,,,,,,
EShave,,,,,,,,
Esthetic,,,,,,,,
Fairy Tales,,,,,,,,
Flowery,,,,,,,,
Fracas,,,,,,,,
Fekkai,,,,,,,,
Frownies,,,,,,,,
GiGi,,,,,,,,
Glamglow,,,,,,,,
Goldwell,,,,,,,,
Grande Lips,,,,,,,,
Hairart,,,,,,,,
Hair Flairs,,,,,,,,
Helen Of Troy,,,,,,,,
Hempz Body Care,,,,,,,,
Hollywood Fashion Secrets,,,,,,,,
Hot Tools,,,,,,,,
Hush,,,,,,,,
I Coloniali,,,,,,,,
Ibiza,,,,,,,,
ICON,,,,,,,,
Iden,,,,,,,,
Igora Royal,,,,,,,,
Illuminare,,,,,,,,
It's A 10,,,,,,,,
Jack Black,,,,,,,,
Je Veux,,,,,,,,
Jean Patou,,,,,,,,
Jerome Russell,,,,,,,,
JOC,,,,,,,,
Joe Blasco,,,,,,,,
Joico,,,,,,,,
Kenzo,,,,,,,,
Keratin Complex,,,,,,,,
Kingsley,,,,,,,,
Klorane,,,,,,,,
KMS,,,,,,,,
Komenuka Bijin,,,,,,,,
L'Oreal,,,,,,,,
LaLicious,,,,,,,,
Layrite,,,,,,,,
Lilique,,,,,,,,
Lipsmart,,,,,,,,
Mackie,,,,,,,,
Mario Badescu,,,,,,,,
Marvis,,,,,,,,
Mary's Nutritionals,,,,,,,,
Mason Pearson,,,,,,,,
Matrix,,,,,,,,
Mavala,,,,,,,,
Mehaz,,,,,,,,
Michel Germain Sexual,,,,,,,,
MilkShake,,,,,,,,
Mixed Chicks,,,,,,,,
Model In A Bottle,,,,,,,,
Murad,,,,,,,,
Nailtiques,,,,,,,,
Neuma,,,,,,,,
Nioxin,,,,,,,,
No Inhibition,,,,,,,,
Nuxe,,,,,,,,
Nyce Legs Spray,,,,,,,,
Olioseta,,,,,,,,
OPI,,,,,,,,
Original Sprout,,,,,,,,
Osis+,,,,,,,,
Paul Scerri,,,,,,,,
Peter Thomas Roth,,,,,,,,
Philip B,,,,,,,,
Phyto,,,,,,,,
PMD,,,,,,,,
Proraso,,,,,,,,
Punky Colour By Jerome Russell,,,,,,,,
Pure Fiji,,,,,,,,
Pureology,,,,,,,,
Redken,,,,,,,,
RefectoCil,,,,,,,,
Rene Furterer,,,,,,,,
Rusk,,,,,,,,
Satin Hair Color,,,,,,,,
Schwarzkopf,,,,,,,,
Sebastian,,,,,,,,
SexyHair,,,,,,,,
Solano,,,,,,,,
Sphynx,,,,,,,,
St. Tropez,,,,,,,,
Style Edit,,,,,,,,
Sudzz,,,,,,,,
Sun,,,,,,,,
Sun Bum,,,,,,,,
Suntegrity,,,,,,,,
Supersmile,,,,,,,,
Tancho,,,,,,,,
Tend Skin,,,,,,,,
Tigi,,,,,,,,
Tom Ford,,,,,,,,
Touch Back,,,,,,,,
Tron,,,,,,,,
Tweezerman,,,,,,,,
Uniq-One,,,,,,,,
Vered Cosmetics,,,,,,,,
Vita Liberata,,,,,,,,
Voluspa,,,,,,,,
Wavertree & London,,,,,,,,
Wella,,,,,,,,
Winky Lux,,,,,,,,
X5,,,,,,,,
Yon-Ka,,,,,,,,
YoungBlood,,,,,,,,